,Biotin Condition,Class,score
SLX-21561.i701_i502,HI_Control,Biotin BV421 DAPI-A,10.283121900609771
SLX-21561.i701_i503,LO_Infected,Biotin BV421 DAPI-A,8.852235835227855
SLX-21561.i701_i505,HI_Infected,Biotin BV421 DAPI-A,9.251386341412184
SLX-21561.i701_i506,LO_Infected,Biotin BV421 DAPI-A,8.90910013492555
SLX-21561.i701_i507,HI_Control,Biotin BV421 DAPI-A,10.104794409241164
SLX-21561.i701_i508,HI_Control,Biotin BV421 DAPI-A,9.71147923015263
SLX-21561.i701_i510,HI_Control,Biotin BV421 DAPI-A,10.266775581745106
SLX-21561.i701_i511,LO_Infected,Biotin BV421 DAPI-A,8.914088348841334
SLX-21561.i702_i502,HI_Control,Biotin BV421 DAPI-A,10.80079931781248
SLX-21561.i702_i503,HI_Infected,Biotin BV421 DAPI-A,9.216918687336305
SLX-21561.i702_i505,LO_Infected,Biotin BV421 DAPI-A,8.96890555068972
SLX-21561.i702_i506,HI_Infected,Biotin BV421 DAPI-A,10.159756354282166
SLX-21561.i702_i507,LO_Control,Biotin BV421 DAPI-A,8.704833909687792
SLX-21561.i702_i508,HI_Control,Biotin BV421 DAPI-A,9.633579908183512
SLX-21561.i702_i510,HI_Control,Biotin BV421 DAPI-A,9.616405300156314
SLX-21561.i702_i511,HI_Infected,Biotin BV421 DAPI-A,9.37974553683691
SLX-21561.i703_i502,HI_Control,Biotin BV421 DAPI-A,9.4343635363174
SLX-21561.i703_i505,LO_Infected,Biotin BV421 DAPI-A,8.827028068509152
SLX-21561.i703_i506,LO_Infected,Biotin BV421 DAPI-A,9.172326929777967
SLX-21561.i703_i507,LO_Control,Biotin BV421 DAPI-A,9.046290859969677
SLX-21561.i703_i508,HI_Control,Biotin BV421 DAPI-A,9.560363239834537
SLX-21561.i703_i510,HI_Control,Biotin BV421 DAPI-A,10.57574301295352
SLX-21561.i703_i511,LO_Infected,Biotin BV421 DAPI-A,8.992681750892542
SLX-21561.i704_i502,HI_Control,Biotin BV421 DAPI-A,9.990032153936314
SLX-21561.i704_i503,LO_Infected,Biotin BV421 DAPI-A,9.137662146478197
SLX-21561.i704_i505,LO_Infected,Biotin BV421 DAPI-A,8.652073673610056
SLX-21561.i704_i506,HI_Infected,Biotin BV421 DAPI-A,9.275097619191461
SLX-21561.i704_i507,HI_Control,Biotin BV421 DAPI-A,10.201367449964355
SLX-21561.i704_i508,HI_Control,Biotin BV421 DAPI-A,10.041900759689755
SLX-21561.i704_i510,HI_Control,Biotin BV421 DAPI-A,9.755799279636523
SLX-21561.i704_i511,LO_Infected,Biotin BV421 DAPI-A,9.058237593766226
SLX-21561.i705_i502,HI_Control,Biotin BV421 DAPI-A,9.74326011321524
SLX-21561.i705_i503,LO_Infected,Biotin BV421 DAPI-A,7.952966790923131
SLX-21561.i705_i505,HI_Infected,Biotin BV421 DAPI-A,9.587474590316285
SLX-21561.i705_i506,HI_Infected,Biotin BV421 DAPI-A,9.338997404184445
SLX-21561.i705_i507,HI_Control,Biotin BV421 DAPI-A,9.629576884168266
SLX-21561.i705_i508,HI_Control,Biotin BV421 DAPI-A,9.898525260706313
SLX-21561.i705_i510,HI_Control,Biotin BV421 DAPI-A,9.319015388601839
SLX-21561.i705_i511,LO_Infected,Biotin BV421 DAPI-A,9.022443300849043
SLX-21561.i706_i502,HI_Control,Biotin BV421 DAPI-A,9.751093661983862
SLX-21561.i706_i503,HI_Infected,Biotin BV421 DAPI-A,9.707107638491133
SLX-21561.i706_i505,HI_Infected,Biotin BV421 DAPI-A,9.319732748747379
SLX-21561.i706_i506,HI_Infected,Biotin BV421 DAPI-A,10.47517306455888
SLX-21561.i706_i507,HI_Control,Biotin BV421 DAPI-A,9.496571392160648
SLX-21561.i706_i508,HI_Control,Biotin BV421 DAPI-A,10.115934094302002
SLX-21561.i706_i510,HI_Control,Biotin BV421 DAPI-A,9.82957186958596
SLX-21561.i706_i511,HI_Infected,Biotin BV421 DAPI-A,9.587611745713565
SLX-21561.i707_i502,HI_Control,Biotin BV421 DAPI-A,9.438272440022189
SLX-21561.i707_i503,LO_Infected,Biotin BV421 DAPI-A,8.266935347610456
SLX-21561.i707_i505,HI_Infected,Biotin BV421 DAPI-A,9.529593783265282
SLX-21561.i707_i506,HI_Infected,Biotin BV421 DAPI-A,9.72728722274711
SLX-21561.i707_i507,LO_Control,Biotin BV421 DAPI-A,8.891236429516061
SLX-21561.i707_i508,HI_Control,Biotin BV421 DAPI-A,10.07588502813239
SLX-21561.i707_i510,HI_Control,Biotin BV421 DAPI-A,10.166197910952352
SLX-21561.i707_i511,LO_Infected,Biotin BV421 DAPI-A,8.770749549138642
SLX-21561.i710_i502,HI_Control,Biotin BV421 DAPI-A,10.568955163989331
SLX-21561.i710_i503,HI_Infected,Biotin BV421 DAPI-A,9.236787541991031
SLX-21561.i710_i505,HI_Infected,Biotin BV421 DAPI-A,9.361773075736393
SLX-21561.i710_i506,LO_Infected,Biotin BV421 DAPI-A,9.154933364704444
SLX-21561.i710_i507,HI_Control,Biotin BV421 DAPI-A,9.537771863945247
SLX-21561.i710_i508,HI_Control,Biotin BV421 DAPI-A,9.414831034791183
SLX-21561.i710_i510,LO_Control,Biotin BV421 DAPI-A,8.872907674259846
SLX-21561.i710_i511,HI_Infected,Biotin BV421 DAPI-A,9.25770094333602
SLX-21561.i711_i506,LO_Infected,Biotin BV421 DAPI-A,8.094073148069352
SLX-21561.i711_i510,HI_Control,Biotin BV421 DAPI-A,9.31847703058076
SLX-21561.i712_i502,LO_Control,Biotin BV421 DAPI-A,8.927446816256198
SLX-21561.i712_i503,HI_Infected,Biotin BV421 DAPI-A,9.445175311879977
SLX-21561.i712_i505,LO_Infected,Biotin BV421 DAPI-A,8.660080678964786
SLX-21561.i712_i507,HI_Control,Biotin BV421 DAPI-A,10.332245920613584
SLX-21561.i712_i508,LO_Control,Biotin BV421 DAPI-A,8.672486075822272
SLX-21561.i712_i510,HI_Control,Biotin BV421 DAPI-A,9.784422445377189
SLX-21561.i712_i511,LO_Infected,Biotin BV421 DAPI-A,9.149740749847252
SLX-21561.i714_i502,HI_Control,Biotin BV421 DAPI-A,9.745429247877853
SLX-21561.i714_i503,HI_Infected,Biotin BV421 DAPI-A,9.37143829231851
SLX-21561.i714_i505,LO_Infected,Biotin BV421 DAPI-A,8.28828304520769
SLX-21561.i714_i506,HI_Infected,Biotin BV421 DAPI-A,9.9265202516467
SLX-21561.i714_i507,LO_Control,Biotin BV421 DAPI-A,9.123038043573386
SLX-21561.i714_i508,HI_Control,Biotin BV421 DAPI-A,9.515248225093032
SLX-21561.i714_i510,HI_Control,Biotin BV421 DAPI-A,10.099424333412122
SLX-21561.i714_i511,LO_Infected,Biotin BV421 DAPI-A,8.98632143762602
SLX-21561.i715_i502,HI_Control,Biotin BV421 DAPI-A,9.653101264828043
SLX-21561.i715_i503,HI_Infected,Biotin BV421 DAPI-A,9.48432911729596
SLX-21561.i715_i505,HI_Infected,Biotin BV421 DAPI-A,9.654577374584886
SLX-21561.i715_i506,LO_Infected,Biotin BV421 DAPI-A,8.954673628956414
SLX-21561.i715_i507,HI_Control,Biotin BV421 DAPI-A,9.362889770436468
SLX-21561.i715_i508,HI_Control,Biotin BV421 DAPI-A,9.819127203918054
SLX-21561.i715_i510,HI_Control,Biotin BV421 DAPI-A,9.772353284511327
SLX-21561.i715_i511,LO_Infected,Biotin BV421 DAPI-A,9.040500592684284
SLX-21561.i716_i510,HI_Control,Biotin BV421 DAPI-A,10.87523191259525
SLX-21561.i716_i513,HI_Infected,Biotin BV421 DAPI-A,10.082762807393678
SLX-21561.i716_i515,HI_Infected,Biotin BV421 DAPI-A,10.220886181775843
SLX-21561.i716_i516,HI_Infected,Biotin BV421 DAPI-A,9.21453157659465
SLX-21561.i716_i517,HI_Infected,Biotin BV421 DAPI-A,9.828332878935367
SLX-21561.i716_i518,HI_Infected,Biotin BV421 DAPI-A,9.182557990963732
SLX-21561.i718_i505,HI_Infected,Biotin BV421 DAPI-A,9.254070134837509
SLX-21561.i718_i506,HI_Control,Biotin BV421 DAPI-A,10.257238224957614
SLX-21561.i718_i510,HI_Control,Biotin BV421 DAPI-A,9.640237896224932
SLX-21561.i718_i513,LO_Infected,Biotin BV421 DAPI-A,8.48590890137647
SLX-21561.i718_i515,LO_Infected,Biotin BV421 DAPI-A,8.643825842349603
SLX-21561.i718_i516,LO_Infected,Biotin BV421 DAPI-A,8.705331133531631
SLX-21561.i718_i517,LO_Infected,Biotin BV421 DAPI-A,8.977651407818442
SLX-21561.i718_i518,HI_Infected,Biotin BV421 DAPI-A,9.482426456803408
SLX-21561.i719_i513,HI_Infected,Biotin BV421 DAPI-A,9.268892258925797
SLX-21561.i719_i515,LO_Infected,Biotin BV421 DAPI-A,8.10711747075039
SLX-21561.i719_i516,HI_Infected,Biotin BV421 DAPI-A,9.719684899460376
SLX-21561.i719_i517,LO_Infected,Biotin BV421 DAPI-A,8.502688505213357
SLX-21561.i719_i518,HI_Infected,Biotin BV421 DAPI-A,9.467769401256943
SLX-21561.i720_i506,HI_Control,Biotin BV421 DAPI-A,9.574288799881414
SLX-21561.i720_i513,HI_Infected,Biotin BV421 DAPI-A,9.89515291574607
SLX-21561.i720_i515,HI_Infected,Biotin BV421 DAPI-A,9.863498544319764
SLX-21561.i720_i516,HI_Infected,Biotin BV421 DAPI-A,9.595806833577658
SLX-21561.i720_i517,LO_Infected,Biotin BV421 DAPI-A,8.926384681265215
SLX-21561.i721_i513,HI_Infected,Biotin BV421 DAPI-A,9.824281994355154
SLX-21561.i721_i515,HI_Infected,Biotin BV421 DAPI-A,9.219795530746937
SLX-21561.i721_i516,LO_Infected,Biotin BV421 DAPI-A,8.850374303939237
SLX-21561.i721_i517,LO_Infected,Biotin BV421 DAPI-A,8.832149906002899
SLX-21561.i721_i520,HI_Control,Biotin BV421 DAPI-A,9.41987169587053
SLX-21561.i722_i510,HI_Control,Biotin BV421 DAPI-A,10.423530565351728
SLX-21561.i722_i513,HI_Infected,Biotin BV421 DAPI-A,10.451493347426403
SLX-21561.i722_i515,HI_Infected,Biotin BV421 DAPI-A,10.112004656988175
SLX-21561.i722_i516,LO_Infected,Biotin BV421 DAPI-A,8.266678443305896
SLX-21561.i722_i517,LO_Infected,Biotin BV421 DAPI-A,8.213923595622743
SLX-21561.i722_i518,LO_Infected,Biotin BV421 DAPI-A,8.690810307580046
SLX-21561.i722_i520,HI_Control,Biotin BV421 DAPI-A,9.5227394469648
SLX-21561.i723_i505,LO_Infected,Biotin BV421 DAPI-A,8.896724917497897
SLX-21561.i723_i508,HI_Control,Biotin BV421 DAPI-A,10.116136224757685
SLX-21561.i723_i515,LO_Infected,Biotin BV421 DAPI-A,8.887928819003305
SLX-21561.i723_i516,HI_Infected,Biotin BV421 DAPI-A,9.332646496360152
SLX-21561.i723_i518,HI_Infected,Biotin BV421 DAPI-A,9.782449224159071
SLX-21561.i723_i520,HI_Control,Biotin BV421 DAPI-A,9.434523382865056
SLX-21561.i724_i503,HI_Infected,Biotin BV421 DAPI-A,10.048410069255738
SLX-21561.i724_i508,HI_Control,Biotin BV421 DAPI-A,10.133209419210461
SLX-21561.i724_i511,HI_Infected,Biotin BV421 DAPI-A,10.064798252418377
SLX-21561.i724_i515,HI_Infected,Biotin BV421 DAPI-A,9.353747835270912
SLX-21561.i724_i516,HI_Infected,Biotin BV421 DAPI-A,9.40137386937216
SLX-21561.i724_i517,HI_Infected,Biotin BV421 DAPI-A,9.382022193665792
SLX-21561.i724_i518,LO_Infected,Biotin BV421 DAPI-A,9.103756886573398
SLX-21561.i726_i505,HI_Infected,Biotin BV421 DAPI-A,9.455558477608703
SLX-21561.i726_i513,HI_Infected,Biotin BV421 DAPI-A,9.998024706360116
SLX-21561.i726_i515,HI_Infected,Biotin BV421 DAPI-A,9.326254996572539
SLX-21561.i726_i516,LO_Infected,Biotin BV421 DAPI-A,9.102755161296246
SLX-21561.i726_i517,HI_Infected,Biotin BV421 DAPI-A,9.523836379320944
SLX-21561.i726_i518,HI_Infected,Biotin BV421 DAPI-A,9.57858809226753
SLX-21561.i726_i521,HI_Control,Biotin BV421 DAPI-A,9.50747760319872
SLX-21561.i727_i511,HI_Infected,Biotin BV421 DAPI-A,9.45203086057697
SLX-21561.i727_i513,HI_Infected,Biotin BV421 DAPI-A,9.835422821621998
SLX-21561.i727_i515,LO_Infected,Biotin BV421 DAPI-A,8.909370405197466
SLX-21561.i727_i516,HI_Infected,Biotin BV421 DAPI-A,9.8230364281385
SLX-21561.i727_i517,HI_Infected,Biotin BV421 DAPI-A,9.245031611766112
SLX-21561.i727_i518,HI_Infected,Biotin BV421 DAPI-A,9.373139262281274
SLX-21561.i727_i520,HI_Control,Biotin BV421 DAPI-A,9.945540788767127
SLX-21561.i727_i521,HI_Control,Biotin BV421 DAPI-A,9.788413344690662
SLX-21561.i728_i505,HI_Infected,Biotin BV421 DAPI-A,9.808572294739841
SLX-21561.i728_i506,HI_Control,Biotin BV421 DAPI-A,9.487593248937424
SLX-21561.i728_i508,HI_Control,Biotin BV421 DAPI-A,9.958259788383108
SLX-21561.i728_i513,HI_Infected,Biotin BV421 DAPI-A,9.913140809564267
SLX-21561.i728_i515,HI_Infected,Biotin BV421 DAPI-A,9.806315640783854
SLX-21561.i728_i516,LO_Infected,Biotin BV421 DAPI-A,7.856319571406588
SLX-21561.i728_i517,LO_Infected,Biotin BV421 DAPI-A,8.831419819090131
SLX-21561.i728_i518,HI_Infected,Biotin BV421 DAPI-A,9.264828557260252
SLX-21561.i728_i520,HI_Control,Biotin BV421 DAPI-A,9.711115659888671
SLX-21561.i728_i521,HI_Control,Biotin BV421 DAPI-A,9.426821780416843
SLX-21561.i728_i522,HI_Control,Biotin BV421 DAPI-A,9.258368340986765
SLX-21561.i729_i503,LO_Infected,Biotin BV421 DAPI-A,8.675051276031818
SLX-21561.i729_i506,LO_Control,Biotin BV421 DAPI-A,8.765302488748196
SLX-21561.i729_i508,HI_Control,Biotin BV421 DAPI-A,9.979151456457117
SLX-21561.i729_i511,HI_Infected,Biotin BV421 DAPI-A,9.784197131344804
SLX-21561.i729_i513,HI_Infected,Biotin BV421 DAPI-A,9.775540538205506
SLX-21561.i729_i515,LO_Infected,Biotin BV421 DAPI-A,8.76732914779405
SLX-21561.i729_i516,HI_Infected,Biotin BV421 DAPI-A,9.255122514748075
SLX-21561.i729_i517,HI_Infected,Biotin BV421 DAPI-A,9.385637313833174
SLX-21561.i729_i518,HI_Infected,Biotin BV421 DAPI-A,9.410747396316522
SLX-21561.i729_i520,HI_Control,Biotin BV421 DAPI-A,10.141086124819923
SLX-21561.i701_i502,HI_Control,EPCR PE PE-A,8.137103389639302
SLX-21561.i701_i503,LO_Infected,EPCR PE PE-A,9.056956065076825
SLX-21561.i701_i505,HI_Infected,EPCR PE PE-A,10.142819364046863
SLX-21561.i701_i506,LO_Infected,EPCR PE PE-A,8.669227347271736
SLX-21561.i701_i507,HI_Control,EPCR PE PE-A,6.161207321695077
SLX-21561.i701_i508,HI_Control,EPCR PE PE-A,9.610658925931467
SLX-21561.i701_i510,HI_Control,EPCR PE PE-A,10.755005069067515
SLX-21561.i701_i511,LO_Infected,EPCR PE PE-A,5.655991810819852
SLX-21561.i702_i502,HI_Control,EPCR PE PE-A,8.166216268592143
SLX-21561.i702_i503,HI_Infected,EPCR PE PE-A,6.021023349349527
SLX-21561.i702_i505,LO_Infected,EPCR PE PE-A,9.104090572133472
SLX-21561.i702_i506,HI_Infected,EPCR PE PE-A,10.607277893194553
SLX-21561.i702_i507,LO_Control,EPCR PE PE-A,10.624857692039813
SLX-21561.i702_i508,HI_Control,EPCR PE PE-A,10.44380401506915
SLX-21561.i702_i510,HI_Control,EPCR PE PE-A,7.900266036767701
SLX-21561.i702_i511,HI_Infected,EPCR PE PE-A,5.762051382780177
SLX-21561.i703_i502,HI_Control,EPCR PE PE-A,5.049856007249537
SLX-21561.i703_i505,LO_Infected,EPCR PE PE-A,6.806829360392176
SLX-21561.i703_i506,LO_Infected,EPCR PE PE-A,9.326967183907902
SLX-21561.i703_i507,LO_Control,EPCR PE PE-A,7.301147805856032
SLX-21561.i703_i508,HI_Control,EPCR PE PE-A,9.720705889909716
SLX-21561.i703_i510,HI_Control,EPCR PE PE-A,10.304107608981093
SLX-21561.i703_i511,LO_Infected,EPCR PE PE-A,6.774223886357614
SLX-21561.i704_i502,HI_Control,EPCR PE PE-A,8.323608442343572
SLX-21561.i704_i503,LO_Infected,EPCR PE PE-A,7.066466970136958
SLX-21561.i704_i505,LO_Infected,EPCR PE PE-A,3.4657359027997265
SLX-21561.i704_i506,HI_Infected,EPCR PE PE-A,8.58466490653125
SLX-21561.i704_i507,HI_Control,EPCR PE PE-A,10.225389875873601
SLX-21561.i704_i508,HI_Control,EPCR PE PE-A,9.696955267027116
SLX-21561.i704_i510,HI_Control,EPCR PE PE-A,9.720105433544852
SLX-21561.i704_i511,LO_Infected,EPCR PE PE-A,6.398594934535208
SLX-21561.i705_i502,HI_Control,EPCR PE PE-A,7.114769448366463
SLX-21561.i705_i503,LO_Infected,EPCR PE PE-A,4.812184355372417
SLX-21561.i705_i505,HI_Infected,EPCR PE PE-A,7.983098940710892
SLX-21561.i705_i506,HI_Infected,EPCR PE PE-A,9.106312301552135
SLX-21561.i705_i507,HI_Control,EPCR PE PE-A,6.993932975223189
SLX-21561.i705_i508,HI_Control,EPCR PE PE-A,7.722234744709607
SLX-21561.i705_i510,HI_Control,EPCR PE PE-A,9.093581811365986
SLX-21561.i705_i511,LO_Infected,EPCR PE PE-A,8.146419323098003
SLX-21561.i706_i502,HI_Control,EPCR PE PE-A,9.026898187513526
SLX-21561.i706_i503,HI_Infected,EPCR PE PE-A,10.398427667071894
SLX-21561.i706_i505,HI_Infected,EPCR PE PE-A,9.013351778138825
SLX-21561.i706_i506,HI_Infected,EPCR PE PE-A,8.733432966413652
SLX-21561.i706_i507,HI_Control,EPCR PE PE-A,9.909171369004426
SLX-21561.i706_i508,HI_Control,EPCR PE PE-A,10.003378135350923
SLX-21561.i706_i510,HI_Control,EPCR PE PE-A,9.272657678041044
SLX-21561.i706_i511,HI_Infected,EPCR PE PE-A,6.150602768446279
SLX-21561.i707_i502,HI_Control,EPCR PE PE-A,6.416732282512326
SLX-21561.i707_i503,LO_Infected,EPCR PE PE-A,10.77628606133415
SLX-21561.i707_i505,HI_Infected,EPCR PE PE-A,10.261231924432881
SLX-21561.i707_i506,HI_Infected,EPCR PE PE-A,9.664278133535126
SLX-21561.i707_i507,LO_Control,EPCR PE PE-A,9.141954459109717
SLX-21561.i707_i508,HI_Control,EPCR PE PE-A,9.08466376388818
SLX-21561.i707_i510,HI_Control,EPCR PE PE-A,9.416947954650293
SLX-21561.i707_i511,LO_Infected,EPCR PE PE-A,5.1647859739235145
SLX-21561.i710_i502,HI_Control,EPCR PE PE-A,7.955775781534187
SLX-21561.i710_i503,HI_Infected,EPCR PE PE-A,8.68270762989381
SLX-21561.i710_i505,HI_Infected,EPCR PE PE-A,8.953769294549454
SLX-21561.i710_i506,LO_Infected,EPCR PE PE-A,6.028278520230698
SLX-21561.i710_i507,HI_Control,EPCR PE PE-A,4.442651256490317
SLX-21561.i710_i508,HI_Control,EPCR PE PE-A,10.887698580894263
SLX-21561.i710_i510,LO_Control,EPCR PE PE-A,8.702177865629675
SLX-21561.i710_i511,HI_Infected,EPCR PE PE-A,6.240275845170769
SLX-21561.i711_i506,LO_Infected,EPCR PE PE-A,10.271389240089327
SLX-21561.i711_i510,HI_Control,EPCR PE PE-A,6.999422467507961
SLX-21561.i712_i502,LO_Control,EPCR PE PE-A,7.796880342783522
SLX-21561.i712_i503,HI_Infected,EPCR PE PE-A,7.406103381237015
SLX-21561.i712_i505,LO_Infected,EPCR PE PE-A,5.802118375377063
SLX-21561.i712_i507,HI_Control,EPCR PE PE-A,9.776335766875645
SLX-21561.i712_i508,LO_Control,EPCR PE PE-A,6.591673732008658
SLX-21561.i712_i510,HI_Control,EPCR PE PE-A,9.075322160298095
SLX-21561.i712_i511,LO_Infected,EPCR PE PE-A,10.272599831178495
SLX-21561.i714_i502,HI_Control,EPCR PE PE-A,6.8885724595653635
SLX-21561.i714_i503,HI_Infected,EPCR PE PE-A,10.377483203051401
SLX-21561.i714_i505,LO_Infected,EPCR PE PE-A,5.958424693029782
SLX-21561.i714_i506,HI_Infected,EPCR PE PE-A,10.325481962595504
SLX-21561.i714_i507,LO_Control,EPCR PE PE-A,9.468078568054892
SLX-21561.i714_i508,HI_Control,EPCR PE PE-A,7.676473646389156
SLX-21561.i714_i510,HI_Control,EPCR PE PE-A,10.167043414461599
SLX-21561.i714_i511,LO_Infected,EPCR PE PE-A,10.32692354596553
SLX-21561.i715_i502,HI_Control,EPCR PE PE-A,6.985641817639208
SLX-21561.i715_i503,HI_Infected,EPCR PE PE-A,9.5227394469648
SLX-21561.i715_i505,HI_Infected,EPCR PE PE-A,9.079662048334066
SLX-21561.i715_i506,LO_Infected,EPCR PE PE-A,10.737026911613315
SLX-21561.i715_i507,HI_Control,EPCR PE PE-A,8.37793112408273
SLX-21561.i715_i508,HI_Control,EPCR PE PE-A,9.411810747608898
SLX-21561.i715_i510,HI_Control,EPCR PE PE-A,8.562740006372207
SLX-21561.i715_i511,LO_Infected,EPCR PE PE-A,6.19644412779452
SLX-21561.i716_i510,HI_Control,EPCR PE PE-A,7.83399634170946
SLX-21561.i716_i513,HI_Infected,EPCR PE PE-A,9.684958338772663
SLX-21561.i716_i515,HI_Infected,EPCR PE PE-A,7.7142311448490855
SLX-21561.i716_i516,HI_Infected,EPCR PE PE-A,8.74687531957003
SLX-21561.i716_i517,HI_Infected,EPCR PE PE-A,9.779227335155444
SLX-21561.i716_i518,HI_Infected,EPCR PE PE-A,10.165082290224591
SLX-21561.i718_i505,HI_Infected,EPCR PE PE-A,7.845416036592485
SLX-21561.i718_i506,HI_Control,EPCR PE PE-A,8.259975659768276
SLX-21561.i718_i510,HI_Control,EPCR PE PE-A,9.693383614729722
SLX-21561.i718_i513,LO_Infected,EPCR PE PE-A,7.277247726631484
SLX-21561.i718_i515,LO_Infected,EPCR PE PE-A,6.994849985833071
SLX-21561.i718_i516,LO_Infected,EPCR PE PE-A,6.553933404025811
SLX-21561.i718_i517,LO_Infected,EPCR PE PE-A,5.771441123130016
SLX-21561.i718_i518,HI_Infected,EPCR PE PE-A,10.483913863031955
SLX-21561.i719_i513,HI_Infected,EPCR PE PE-A,6.403574197934815
SLX-21561.i719_i515,LO_Infected,EPCR PE PE-A,4.465908118654584
SLX-21561.i719_i516,HI_Infected,EPCR PE PE-A,9.275097619191461
SLX-21561.i719_i517,LO_Infected,EPCR PE PE-A,5.407171771460119
SLX-21561.i719_i518,HI_Infected,EPCR PE PE-A,8.099857910737585
SLX-21561.i720_i506,HI_Control,EPCR PE PE-A,5.877735781779639
SLX-21561.i720_i513,HI_Infected,EPCR PE PE-A,8.879611609982035
SLX-21561.i720_i515,HI_Infected,EPCR PE PE-A,8.842315546841863
SLX-21561.i720_i516,HI_Infected,EPCR PE PE-A,6.3578422665081
SLX-21561.i720_i517,LO_Infected,EPCR PE PE-A,6.1675164908883415
SLX-21561.i721_i513,HI_Infected,EPCR PE PE-A,8.181160858023409
SLX-21561.i721_i515,HI_Infected,EPCR PE PE-A,8.400659375160286
SLX-21561.i721_i516,LO_Infected,EPCR PE PE-A,8.766550149546351
SLX-21561.i721_i517,LO_Infected,EPCR PE PE-A,7.7823903355874595
SLX-21561.i721_i520,HI_Control,EPCR PE PE-A,5.4638318050256105
SLX-21561.i722_i510,HI_Control,EPCR PE PE-A,4.394449154672439
SLX-21561.i722_i513,HI_Infected,EPCR PE PE-A,7.993619994827744
SLX-21561.i722_i515,HI_Infected,EPCR PE PE-A,9.157572306437528
SLX-21561.i722_i516,LO_Infected,EPCR PE PE-A,4.867534450455582
SLX-21561.i722_i517,LO_Infected,EPCR PE PE-A,8.967631665167133
SLX-21561.i722_i518,LO_Infected,EPCR PE PE-A,8.295049140435111
SLX-21561.i722_i520,HI_Control,EPCR PE PE-A,6.267200548541362
SLX-21561.i723_i505,LO_Infected,EPCR PE PE-A,6.12029741895095
SLX-21561.i723_i508,HI_Control,EPCR PE PE-A,9.448569560708433
SLX-21561.i723_i515,LO_Infected,EPCR PE PE-A,5.720311776607412
SLX-21561.i723_i516,HI_Infected,EPCR PE PE-A,6.779921907472252
SLX-21561.i723_i518,HI_Infected,EPCR PE PE-A,10.429103261774754
SLX-21561.i723_i520,HI_Control,EPCR PE PE-A,6.799055862058796
SLX-21561.i724_i503,HI_Infected,EPCR PE PE-A,9.730977703126166
SLX-21561.i724_i508,HI_Control,EPCR PE PE-A,7.434847875211999
SLX-21561.i724_i511,HI_Infected,EPCR PE PE-A,8.604471199523298
SLX-21561.i724_i515,HI_Infected,EPCR PE PE-A,8.700680734850161
SLX-21561.i724_i516,HI_Infected,EPCR PE PE-A,8.069029328774958
SLX-21561.i724_i517,HI_Infected,EPCR PE PE-A,8.613593685702552
SLX-21561.i724_i518,LO_Infected,EPCR PE PE-A,9.3195534569495
SLX-21561.i726_i505,HI_Infected,EPCR PE PE-A,10.750921118000695
SLX-21561.i726_i513,HI_Infected,EPCR PE PE-A,8.824824939175638
SLX-21561.i726_i515,HI_Infected,EPCR PE PE-A,8.10076824307173
SLX-21561.i726_i516,LO_Infected,EPCR PE PE-A,8.407601514786142
SLX-21561.i726_i517,HI_Infected,EPCR PE PE-A,9.586170674954657
SLX-21561.i726_i518,HI_Infected,EPCR PE PE-A,8.689127655323706
SLX-21561.i726_i521,HI_Control,EPCR PE PE-A,8.594709633844065
SLX-21561.i727_i511,HI_Infected,EPCR PE PE-A,6.693323668269949
SLX-21561.i727_i513,HI_Infected,EPCR PE PE-A,8.01829613851552
SLX-21561.i727_i515,LO_Infected,EPCR PE PE-A,4.795790545596741
SLX-21561.i727_i516,HI_Infected,EPCR PE PE-A,8.93353229607628
SLX-21561.i727_i517,HI_Infected,EPCR PE PE-A,8.821437352166997
SLX-21561.i727_i518,HI_Infected,EPCR PE PE-A,9.5307558140446
SLX-21561.i727_i520,HI_Control,EPCR PE PE-A,9.3982297330736
SLX-21561.i727_i521,HI_Control,EPCR PE PE-A,8.915566545710645
SLX-21561.i728_i505,HI_Infected,EPCR PE PE-A,9.517310233335248
SLX-21561.i728_i506,HI_Control,EPCR PE PE-A,8.652248422409102
SLX-21561.i728_i508,HI_Control,EPCR PE PE-A,9.90093429574841
SLX-21561.i728_i513,HI_Infected,EPCR PE PE-A,9.895908907012577
SLX-21561.i728_i515,HI_Infected,EPCR PE PE-A,8.596004371840527
SLX-21561.i728_i516,LO_Infected,EPCR PE PE-A,4.605170185988092
SLX-21561.i728_i517,LO_Infected,EPCR PE PE-A,8.53089883847235
SLX-21561.i728_i518,HI_Infected,EPCR PE PE-A,10.089635114163611
SLX-21561.i728_i520,HI_Control,EPCR PE PE-A,7.366445148327599
SLX-21561.i728_i521,HI_Control,EPCR PE PE-A,8.057694194815587
SLX-21561.i728_i522,HI_Control,EPCR PE PE-A,5.537334267018537
SLX-21561.i729_i503,LO_Infected,EPCR PE PE-A,5.883322388488279
SLX-21561.i729_i506,LO_Control,EPCR PE PE-A,9.332203959733024
SLX-21561.i729_i508,HI_Control,EPCR PE PE-A,8.84779106484485
SLX-21561.i729_i511,HI_Infected,EPCR PE PE-A,9.585071320714485
SLX-21561.i729_i513,HI_Infected,EPCR PE PE-A,5.834810737062605
SLX-21561.i729_i515,LO_Infected,EPCR PE PE-A,9.339349052539717
SLX-21561.i729_i516,HI_Infected,EPCR PE PE-A,8.9082888855571
SLX-21561.i729_i517,HI_Infected,EPCR PE PE-A,8.36730010184162
SLX-21561.i729_i518,HI_Infected,EPCR PE PE-A,9.777810944448126
SLX-21561.i729_i520,HI_Control,EPCR PE PE-A,5.733341276897746
